{
  "Total" : {
    "transaction" : "Total",
    "sampleCount" : 4998,
    "errorCount" : 1,
    "errorPct" : 0.020008003,
    "meanResTime" : 655.5450180072032,
    "medianResTime" : 284.0,
    "minResTime" : 238.0,
    "maxResTime" : 8260.0,
    "pct1ResTime" : 1173.0,
    "pct2ResTime" : 1761.2000000000007,
    "pct3ResTime" : 3224.360000000008,
    "throughput" : 8.32212172476722,
    "receivedKBytesPerSec" : 7.108363522636071,
    "sentKBytesPerSec" : 2.240060399072212
  },
  "Booking" : {
    "transaction" : "Booking",
    "sampleCount" : 1666,
    "errorCount" : 0,
    "errorPct" : 0.0,
    "meanResTime" : 312.73709483793544,
    "medianResTime" : 266.0,
    "minResTime" : 238.0,
    "maxResTime" : 2120.0,
    "pct1ResTime" : 443.29999999999995,
    "pct2ResTime" : 569.6499999999999,
    "pct3ResTime" : 1092.7799999999952,
    "throughput" : 2.782217189960638,
    "receivedKBytesPerSec" : 2.548286957480173,
    "sentKBytesPerSec" : 1.051482473158952
  },
  "Login" : {
    "transaction" : "Login",
    "sampleCount" : 1666,
    "errorCount" : 0,
    "errorPct" : 0.0,
    "meanResTime" : 1332.811524609845,
    "medianResTime" : 1068.0,
    "minResTime" : 952.0,
    "maxResTime" : 8006.0,
    "pct1ResTime" : 2035.4999999999998,
    "pct2ResTime" : 2546.9999999999973,
    "pct3ResTime" : 4879.569999999983,
    "throughput" : 2.77636589369485,
    "receivedKBytesPerSec" : 2.106887639255747,
    "sentKBytesPerSec" : 0.6859575889695282
  },
  "Search Booking" : {
    "transaction" : "Search Booking",
    "sampleCount" : 1666,
    "errorCount" : 1,
    "errorPct" : 0.06002401,
    "meanResTime" : 321.0864345738301,
    "medianResTime" : 268.0,
    "minResTime" : 240.0,
    "maxResTime" : 8260.0,
    "pct1ResTime" : 451.29999999999995,
    "pct2ResTime" : 562.0,
    "pct3ResTime" : 1079.1999999999898,
    "throughput" : 2.7821893124518837,
    "receivedKBytesPerSec" : 2.4696760700198226,
    "sentKBytesPerSec" : 0.5077722508345733
  }
}