{
  "Total" : {
    "transaction" : "Total",
    "sampleCount" : 114000,
    "errorCount" : 306,
    "errorPct" : 0.26842105,
    "meanResTime" : 604.4986403508848,
    "medianResTime" : 371.0,
    "minResTime" : 0.0,
    "maxResTime" : 12245.0,
    "pct1ResTime" : 1154.0,
    "pct2ResTime" : 1184.0,
    "pct3ResTime" : 1309.9900000000016,
    "throughput" : 92.90211539746622,
    "receivedKBytesPerSec" : 79.4513763366903,
    "sentKBytesPerSec" : 25.011628044377876
  },
  "Booking" : {
    "transaction" : "Booking",
    "sampleCount" : 38000,
    "errorCount" : 57,
    "errorPct" : 0.15,
    "meanResTime" : 369.1192894736846,
    "medianResTime" : 280.0,
    "minResTime" : 233.0,
    "maxResTime" : 10268.0,
    "pct1ResTime" : 962.0,
    "pct2ResTime" : 1371.9500000000007,
    "pct3ResTime" : 2382.9900000000016,
    "throughput" : 31.087913346532062,
    "receivedKBytesPerSec" : 28.509633833722617,
    "sentKBytesPerSec" : 11.739084333123355
  },
  "Login" : {
    "transaction" : "Login",
    "sampleCount" : 38000,
    "errorCount" : 0,
    "errorPct" : 0.0,
    "meanResTime" : 1072.137552631588,
    "medianResTime" : 1056.0,
    "minResTime" : 935.0,
    "maxResTime" : 12245.0,
    "pct1ResTime" : 1173.0,
    "pct2ResTime" : 1207.0,
    "pct3ResTime" : 1451.9700000000048,
    "throughput" : 31.139220175592424,
    "receivedKBytesPerSec" : 23.637283321219083,
    "sentKBytesPerSec" : 7.693576859789925
  },
  "Search Booking" : {
    "transaction" : "Search Booking",
    "sampleCount" : 38000,
    "errorCount" : 249,
    "errorPct" : 0.6552632,
    "meanResTime" : 372.2390789473649,
    "medianResTime" : 284.0,
    "minResTime" : 0.0,
    "maxResTime" : 10310.0,
    "pct1ResTime" : 953.0,
    "pct2ResTime" : 1344.9500000000007,
    "pct3ResTime" : 2387.950000000008,
    "throughput" : 31.03652181867484,
    "receivedKBytesPerSec" : 27.606959836647842,
    "sentKBytesPerSec" : 5.679597351155375
  }
}