{
  "Total" : {
    "transaction" : "Total",
    "sampleCount" : 2499,
    "errorCount" : 0,
    "errorPct" : 0.0,
    "meanResTime" : 512.0116046418558,
    "medianResTime" : 263.0,
    "minResTime" : 233.0,
    "maxResTime" : 1892.0,
    "pct1ResTime" : 1042.0,
    "pct2ResTime" : 1066.0,
    "pct3ResTime" : 1138.0,
    "throughput" : 8.157576034549734,
    "receivedKBytesPerSec" : 6.953708627599635,
    "sentKBytesPerSec" : 2.187353869952112
  },
  "Booking" : {
    "transaction" : "Booking",
    "sampleCount" : 833,
    "errorCount" : 0,
    "errorPct" : 0.0,
    "meanResTime" : 255.1800720288117,
    "medianResTime" : 253.0,
    "minResTime" : 233.0,
    "maxResTime" : 370.0,
    "pct1ResTime" : 269.0,
    "pct2ResTime" : 271.0,
    "pct3ResTime" : 307.9599999999998,
    "throughput" : 2.7525724822057587,
    "receivedKBytesPerSec" : 2.5137644113526267,
    "sentKBytesPerSec" : 1.0314595717981931
  },
  "Login" : {
    "transaction" : "Login",
    "sampleCount" : 833,
    "errorCount" : 0,
    "errorPct" : 0.0,
    "meanResTime" : 1023.2557022809125,
    "medianResTime" : 1012.0,
    "minResTime" : 935.0,
    "maxResTime" : 1892.0,
    "pct1ResTime" : 1077.0,
    "pct2ResTime" : 1100.3,
    "pct3ResTime" : 1226.2999999999997,
    "throughput" : 2.7765741141961935,
    "receivedKBytesPerSec" : 2.1079115071164294,
    "sentKBytesPerSec" : 0.6860090340738643
  },
  "Search Booking" : {
    "transaction" : "Search Booking",
    "sampleCount" : 833,
    "errorCount" : 0,
    "errorPct" : 0.0,
    "meanResTime" : 257.59903961584604,
    "medianResTime" : 255.0,
    "minResTime" : 234.0,
    "maxResTime" : 381.0,
    "pct1ResTime" : 272.0,
    "pct2ResTime" : 280.0,
    "pct3ResTime" : 331.29999999999984,
    "throughput" : 2.741655723082898,
    "receivedKBytesPerSec" : 2.425957373301276,
    "sentKBytesPerSec" : 0.5006734572426776
  }
}