{
  "Total" : {
    "transaction" : "Total",
    "sampleCount" : 9999,
    "errorCount" : 10,
    "errorPct" : 0.10001,
    "meanResTime" : 541.210521052104,
    "medianResTime" : 274.0,
    "minResTime" : 236.0,
    "maxResTime" : 8086.0,
    "pct1ResTime" : 1079.0,
    "pct2ResTime" : 1106.0,
    "pct3ResTime" : 1235.0,
    "throughput" : 8.276009339582897,
    "receivedKBytesPerSec" : 7.07070141434591,
    "sentKBytesPerSec" : 2.228609497587716
  },
  "Booking" : {
    "transaction" : "Booking",
    "sampleCount" : 3333,
    "errorCount" : 0,
    "errorPct" : 0.0,
    "meanResTime" : 276.91719171917146,
    "medianResTime" : 262.0,
    "minResTime" : 239.0,
    "maxResTime" : 4270.0,
    "pct1ResTime" : 285.0,
    "pct2ResTime" : 294.2999999999997,
    "pct3ResTime" : 420.9599999999991,
    "throughput" : 2.770048569348453,
    "receivedKBytesPerSec" : 2.5388621924730805,
    "sentKBytesPerSec" : 1.0468835901736828
  },
  "Login" : {
    "transaction" : "Login",
    "sampleCount" : 3333,
    "errorCount" : 0,
    "errorPct" : 0.0,
    "meanResTime" : 1067.3819381938188,
    "medianResTime" : 1044.0,
    "minResTime" : 952.0,
    "maxResTime" : 8086.0,
    "pct1ResTime" : 1133.6,
    "pct2ResTime" : 1169.0,
    "pct3ResTime" : 1371.9399999999987,
    "throughput" : 2.771200138352146,
    "receivedKBytesPerSec" : 2.103525277535735,
    "sentKBytesPerSec" : 0.6846812841827079
  },
  "Search Booking" : {
    "transaction" : "Search Booking",
    "sampleCount" : 3333,
    "errorCount" : 10,
    "errorPct" : 0.30003,
    "meanResTime" : 279.33243324332534,
    "medianResTime" : 265.0,
    "minResTime" : 236.0,
    "maxResTime" : 4288.0,
    "pct1ResTime" : 288.0,
    "pct2ResTime" : 297.0,
    "pct3ResTime" : 401.6399999999994,
    "throughput" : 2.766133496440875,
    "receivedKBytesPerSec" : 2.454878316164992,
    "sentKBytesPerSec" : 0.505805674764779
  }
}