{
  "Total" : {
    "transaction" : "Total",
    "sampleCount" : 115500,
    "errorCount" : 16658,
    "errorPct" : 14.422511,
    "meanResTime" : 615.0826233766225,
    "medianResTime" : 806.0,
    "minResTime" : 0.0,
    "maxResTime" : 12452.0,
    "pct1ResTime" : 1168.0,
    "pct2ResTime" : 1292.0,
    "pct3ResTime" : 4989.930000000011,
    "throughput" : 95.75978967668013,
    "receivedKBytesPerSec" : 90.35863375549168,
    "sentKBytesPerSec" : 24.074145689762737
  },
  "Booking" : {
    "transaction" : "Booking",
    "sampleCount" : 38500,
    "errorCount" : 5493,
    "errorPct" : 14.267532,
    "meanResTime" : 279.46355844156074,
    "medianResTime" : 263.0,
    "minResTime" : 0.0,
    "maxResTime" : 10288.0,
    "pct1ResTime" : 339.0,
    "pct2ResTime" : 408.0,
    "pct3ResTime" : 2262.980000000003,
    "throughput" : 32.11054702193442,
    "receivedKBytesPerSec" : 34.53833210885809,
    "sentKBytesPerSec" : 10.45021642169864
  },
  "Login" : {
    "transaction" : "Login",
    "sampleCount" : 38500,
    "errorCount" : 5421,
    "errorPct" : 14.08052,
    "meanResTime" : 1173.6565454545294,
    "medianResTime" : 1086.0,
    "minResTime" : 948.0,
    "maxResTime" : 12452.0,
    "pct1ResTime" : 1275.9000000000015,
    "pct2ResTime" : 1505.0,
    "pct3ResTime" : 4101.980000000003,
    "throughput" : 32.155361342741074,
    "receivedKBytesPerSec" : 26.371604947164986,
    "sentKBytesPerSec" : 7.944635175501458
  },
  "Search Booking" : {
    "transaction" : "Search Booking",
    "sampleCount" : 38500,
    "errorCount" : 5744,
    "errorPct" : 14.91948,
    "meanResTime" : 392.1277662337646,
    "medianResTime" : 291.0,
    "minResTime" : 0.0,
    "maxResTime" : 11278.0,
    "pct1ResTime" : 848.0,
    "pct2ResTime" : 923.0,
    "pct3ResTime" : 1468.8200000000288,
    "throughput" : 32.04325256491672,
    "receivedKBytesPerSec" : 29.96212361402529,
    "sentKBytesPerSec" : 5.821903966372063
  }
}